,Type,Name,Date,Purpose
11,Contract,Guardian Assignments for Children and Rex,2025-06-06 00:00:00,Biofield defense and timeline stabilization
1,Ritual,Ancestral Seal Activation,2025-06-08 00:00:00,Seal and stabilize ancestral energy for Brenda
2,Ritual,Skeletal Flame Recalibration,2025-06-08 00:00:00,Reset bone matrix and skeletal distortions
3,Ritual,Organ Flush,2025-06-08 00:00:00,"Liver, kidney, spleen cleanse and recalibration"
4,Ritual,Firestorm Shield,2025-06-08 00:00:00,Environmental energy shielding (heat/fire)
10,Ritual,"Mirror Rite: Burn Names (Karl, Brittney, Julie)",2025-06-08 00:00:00,"Sacral sovereignty, flame seat reclaiming"
9,Ritual,Bone Spur Protocols (Spooky2 Contact Mode),2025-06-08 20:25:00,Bone spur dissolution and inflammation clearing for Brenda
0,Ritual,Root Axis Alignment Protocol,2025-06-10 00:00:00,"Reanchor sacrum, clear false survival codes"
5,Contract,Burned Soul Contract with Steven Horton,2025-06-10 00:00:00,Release and sever entanglement
12,Timeline,Ghost the Grid & Guard the Flame Phase 1,2025-06-11 00:00:00,Launch of decentralized tech and flame-bound sovereignty
7,Timeline,Rex Return Home,2025-06-16 00:00:00,Prepare field for reintegration and support
8,Contract,Flame Soulprint Calibration for Rex,2025-06-16 00:00:00,Soul counterpart alignment or closure
6,Timeline,Hollow Light: School Start Date,2025-08-25 00:00:00,Tez homeschool kickoff timeline
