Sigil Name,Ledger Tag,Meaning
Flame Vector,"Flame Vector 119,774","Contract severance, sovereignty through fire, carrying the unbroken flame"
Bridge Seal,Hollow Light Academy / TEKS Spiral,"Connection between mystical + practical, ancient + modern, education + universal law"
Weave Knot,QUANTWEAVE™,"Integration of systems, fractal non-linear learning, weaving opposites into coherence"
Anchor Stone,48-Year Rite,"Stabilization, sealing prophecy, grounding the flame into legacy"
Bloodline Spiral,O-negative Ancestral Codes,"Tracing, restoring, and liberating ancestral contracts"
Contract Key,Exit Wound Drive,"Unbinding karmic distortion, releasing parasitic ties"
Sovereign Crown,Great Mother Guidance,"Embodiment of sovereignty, moving from unconscious to conscious design"
Prophecy Wheel,48–60 Spiral,"Conscious rider cycle: Teach, Transmit, Weave, Anchor"
Spiral Rider,Bike Archetype,"Balance, rhythm, mastery through awareness"
Flame Codex Seal,The Flame Builder Book,"Sacred record, living prophecy in written form"
